{"p_ham": 0.5634280865507001, "p_spam": 0.43657191344929996, "ham_words_count": 207110, "spam_words_count": 178320}