{"p_ham": 0.615614493836384, "p_spam": 0.384385506163616, "ham_words_count": 238419, "spam_words_count": 178320}