{"p_ham": 0.5130576713819369, "p_spam": 0.48694232861806314, "ham_words_count": 162120, "spam_words_count": 141829}